NOMBRE;APELLIDO;EMAIL;TRABAJO;LUGAR
Yolanda;Arellano;Fernando_Ulloa@hotmail.com;Corporativo Soluciones Director;sk
Reina;Sedillo;Yolanda91@yahoo.com;Futuro Investigación Ingeniero;en_AU
Ester;Salcedo;Hugo_Hernndez56@yahoo.com;Interno Contabilidad Desarrollador;en_GB
Germán;Cervántez;scar_Nava@yahoo.com;Director Grupo Facilitador;fr_BE
José Luis;Ceja;Federico.Mateo35@hotmail.com;Director Métricas Ingeniero;en_CA
Lorena;Araña;Hugo91@hotmail.com;Dinánmico Grupo Relacciones;nb_NO
Mercedes;Samaniego;Homero.Rael55@yahoo.com;Cliente Normas Ingeniero;hr
Margarita;Luevano;Maricarmen_Jasso@gmail.com;Corporativo Marca Gerente;en_GB
Débora;Montemayor;Hernn0@yahoo.com;Corporativo Datos Ingeniero;ur
Lorenzo;Medrano;Juana_Padrn@yahoo.com;Gerente Programa Coordinador;sk
Horacio;Vera;Carlos79@hotmail.com;Director Marca Ejecutivo;sv
Ana María;Chavarría;Ester_Espino@yahoo.com;Global Grupo Arquitecto;it
Daniela;Navarro;Diana84@hotmail.com;Jefe Configuración Director;he
Juan;Rodríguez;Soledad_Altamirano78@gmail.com;Futuro Datos Relacciones;en_NG
Eloisa;Mascareñas;Dolores.Tamayo@hotmail.com;Gerente Respuesta Diseñador;sv
Juan;Reyes;Dorotea_Muiz@gmail.com;Gerente Soluciones Administrador;pt_PT
Esteban;Haro;Carla33@gmail.com;Humano Marca Facilitador;en_IND
Alfredo;Olvera;Enrique76@gmail.com;Inversor Seguro Agente;ar
Samuel;Camacho;Francisco.Gurule88@yahoo.com;Interno Mercados Analista;ur
Julio César;Díaz;Florencia_Corral@yahoo.com;Inversor Cuentas Relacciones;fi
Jacobo;Cornejo;Elisa_Patio64@hotmail.com;Interno Comunicaciones Representante;en_NG
Bernardo;Ocasio;Pedro.Leiva@gmail.com;Directo Web Oficial;en_NG
Julio;Guillén;Csar_Robledo@hotmail.com;Nacional Cuentas Director;hy
Andrea;Valle;Alicia46@gmail.com;Central Respuesta Coordinador;tr
Mario;Hurtado;Gonzalo_Colunga@hotmail.com;Regional Programa Relacciones;zu_ZA
Eva;Mendoza;Graciela.Luevano@gmail.com;Global Calidad Agente;he
Alejandra;Quintanilla;Rodrigo.Becerra@hotmail.com;Gerente Web Ingeniero;ar
Débora;Anaya;Carla87@hotmail.com;Central Implementación Funcionario;pl
Susana;Peralta;Germn_Delagarza@gmail.com;Distrito Cuentas Oficial;pl
Ester;Merino;Pilar_Alcal10@hotmail.com;Distrito Web Ejecutivo;fr_BE
Juana;Argüello;Gloria38@yahoo.com;Humano Factores Analista;hy
Vicente;Negrón;Clemente.Meja26@gmail.com;Humano Normas Facilitador;zh_CN
Pedro;Cortéz;Ins_Ledesma28@yahoo.com;Jefe Métricas Especialista;en_BORK
Jorge Luis;Rincón;Rubn.Mesa@yahoo.com;Nacional Soluciones Gerente;id_ID
Marcos;Gutiérrez;Adn84@gmail.com;Cliente Normas Ejecutivo;fr
Cristina;Matos;Magdalena85@gmail.com;Regional Web Relacciones;hr
María Teresa;Campos;Cecilia.Estrada16@hotmail.com;Inversor Grupo Productor;en_AU
Inés;Quesada;Esteban32@hotmail.com;Heredado Investigación Oficial;fa
Raúl;Galván;Carla_Serna@gmail.com;Dinánmico Contabilidad Arquitecto;vi
María Eugenia;Jáquez;Marcela58@hotmail.com;International Implementación Coordinador;fr_CH
Guadalupe;Calvillo;David.Cordero73@yahoo.com;International Optimización Planificador;hr
Cristóbal;Prieto;Luz1@gmail.com;Heredado Funcionalidad Supervisor;sv
Lourdes;Rojo;Toms_Alvarado@yahoo.com;Cliente Creativo Técnico;en_IE
Isabel;Orellana;Ins9@gmail.com;Heredado Métricas Asociado;pl
Lorena;Valenzuela;MaraEugenia.Ayala60@hotmail.com;Corporativo Funcionalidad Facilitador;nl
Alberto;Medrano;Marisol57@gmail.com;Corporativo Cuentas Oficial;pl
Ariadna;Quiróz;JuanCarlos_Betancourt76@yahoo.com;Humano Calidad Asistente;es
Eduardo;Rolón;Jess.Lira42@gmail.com;Heredado Creativo Administrador;de_CH
Gustavo;Quiñónez;Isabela80@yahoo.com;Adelante Seguridada Especialista;en_NG
Daniel;Linares;Claudio_Trujillo98@gmail.com;Inversor Marca Ejecutivo;ja
